student_id,student_name,campus_id,facilitator_email,grade,learning_track,quiz_score,target_score,avg_attend_min,attend_trend,avg_practice,zero_practice_days_recent,note_count,quiz,attendance,attend_decline,practice,contact,risk_score,tier
S199,Khalid Al-Zahrani,C05,facilitator8@noon.com,10,Remedial,9.0,12,5.7,-0.5999999999999996,0.6,3,0,37.8,18.7,0.2,15.0,10.0,81.7,CRITICAL
S194,Layla Al-Mutairi,C05,facilitator8@noon.com,11,Remedial,11.0,14,8.3,-0.5999999999999996,0.6,3,0,37.2,18.2,0.2,15.0,10.0,80.6,CRITICAL
S188,Maryam Al-Mansour,C05,facilitator8@noon.com,11,Remedial,13.0,16,10.8,-0.40000000000000036,0.6,3,0,36.8,17.6,0.1,15.0,10.0,79.5,CRITICAL
S182,Layla Al-Khaldi,C05,facilitator8@noon.com,11,Remedial,15.0,18,13.2,-0.40000000000000036,0.6,3,0,36.2,17.1,0.1,15.0,10.0,78.5,CRITICAL
S166,Nora Al-Saud,C05,facilitator8@noon.com,11,Remedial,17.0,20,15.7,-0.5999999999999996,0.6,3,0,35.8,16.5,0.2,15.0,10.0,77.5,CRITICAL
S177,Abdullah Al-Otaibi,C05,facilitator8@noon.com,10,Remedial,18.0,21,15.7,-0.5999999999999996,0.6,3,0,35.5,16.5,0.2,15.0,10.0,77.2,CRITICAL
S155,Hassan Al-Balawi,C04,facilitator7@noon.com,10,Remedial,19.0,22,18.3,-0.6000000000000014,0.6,3,0,35.2,15.9,0.2,15.0,10.0,76.4,CRITICAL
S171,Ahmad Al-Dossari,C05,facilitator8@noon.com,10,Remedial,20.0,24,18.3,-0.6000000000000014,0.8,3,0,35.0,15.9,0.2,15.0,10.0,76.1,CRITICAL
S144,Amal Al-Salem,C04,facilitator7@noon.com,11,Remedial,21.0,25,20.8,-0.3999999999999986,0.6,3,0,34.8,15.4,0.1,15.0,10.0,75.3,CRITICAL
S159,Ahmad Al-Anzi,C04,facilitator7@noon.com,10,Remedial,23.0,27,20.8,-0.3999999999999986,0.8,3,0,34.2,15.4,0.1,15.0,10.0,74.8,CRITICAL
S132,Amal Al-Subai,C04,facilitator6@noon.com,11,Remedial,23.0,27,23.2,-0.3999999999999986,0.6,3,0,34.2,14.8,0.1,15.0,10.0,74.2,CRITICAL
S149,Omar Al-Qahtani,C04,facilitator7@noon.com,10,Remedial,25.0,29,23.2,-0.3999999999999986,0.8,3,0,33.8,14.8,0.1,15.0,10.0,73.7,CRITICAL
S120,Amal Al-Salem,C04,facilitator6@noon.com,11,Remedial,25.0,29,25.7,-0.6000000000000014,0.6,3,0,33.8,14.3,0.2,15.0,10.0,73.2,CRITICAL
S137,Omar Al-Qaisi,C04,facilitator6@noon.com,10,Remedial,27.0,32,25.7,-0.6000000000000014,0.8,3,0,33.2,14.3,0.2,15.0,10.0,72.7,CRITICAL
S126,Sara Al-Shammari,C04,facilitator6@noon.com,11,Remedial,29.0,35,28.3,-0.6000000000000014,0.8,3,0,32.8,13.7,0.2,15.0,10.0,71.7,CRITICAL
S022,Nora Al-Qaisi,C01,facilitator2@noon.com,11,Remedial,32.0,40,38.3,-0.6000000000000014,0.6,3,0,32.0,11.5,0.2,15.0,10.0,68.7,CRITICAL
S145,Yousef Al-Harbi,C04,facilitator7@noon.com,10,Remedial,0.0,75,22.77777777777778,44.5,4.3,1,4,40.0,14.9,0.0,12.8,0.0,67.8,CRITICAL
S091,Khalid Al-Thani,C03,facilitator4@noon.com,10,Remedial,48.0,65,42.8,-55.599999999999994,8.6,2,5,28.0,10.5,10.0,10.7,5.0,64.2,HIGH
S012,Amal Al-Juhani,C01,facilitator1@noon.com,11,Remedial,28.0,35,31.11111111111111,-8.75,0.9,3,3,33.0,13.1,2.9,15.0,0.0,64.0,HIGH
S096,Amal Al-Salem,C03,facilitator4@noon.com,11,Remedial,24.0,28,25.7,-0.6000000000000014,0.6,3,1,34.0,14.3,0.2,15.0,0.0,63.5,HIGH
S084,Amal Al-Subai,C03,facilitator4@noon.com,11,Remedial,26.0,30,28.3,-0.6000000000000014,0.6,3,1,33.5,13.7,0.2,15.0,0.0,62.4,HIGH
S108,Amal Al-Subai,C03,facilitator5@noon.com,11,Remedial,28.0,33,28.3,-0.6000000000000014,0.8,3,1,33.0,13.7,0.2,15.0,0.0,61.9,HIGH
S073,Yousef Al-Saud,C02,facilitator3@noon.com,10,Remedial,27.0,32,30.8,-0.3999999999999986,0.6,3,1,33.2,13.2,0.1,15.0,0.0,61.5,HIGH
S113,Omar Al-Qaisi,C03,facilitator5@noon.com,10,Remedial,31.0,37,30.8,-0.3999999999999986,0.8,3,1,32.2,13.2,0.1,15.0,0.0,60.5,HIGH
S061,Yousef Al-Juhani,C02,facilitator3@noon.com,10,Remedial,29.0,35,33.2,-0.3999999999999986,0.8,3,1,32.8,12.6,0.1,15.0,0.0,60.5,HIGH
S078,Sara Al-Shammari,C03,facilitator4@noon.com,11,Remedial,30.0,36,33.2,-0.3999999999999986,0.8,3,1,32.5,12.6,0.1,15.0,0.0,60.3,HIGH
S123,Ahmad Al-Dossari,C04,facilitator6@noon.com,10,Standard,58.0,73,69.8,-34.4,0.5,3,5,25.5,4.5,10.0,15.0,5.0,60.0,HIGH
S033,Abdullah Al-Saud,C01,facilitator2@noon.com,10,Remedial,30.0,38,35.7,-0.6000000000000014,0.8,3,1,32.5,12.1,0.2,15.0,0.0,59.8,HIGH
S190,Nora Al-Saud,C05,facilitator8@noon.com,11,Remedial,46.0,65,43.0,-60.0,8.6,2,5,28.5,10.4,10.0,10.7,0.0,59.6,HIGH
S049,Yousef Al-Mutlaq,C02,facilitator3@noon.com,10,Remedial,31.0,38,35.7,-0.6000000000000014,0.6,3,1,32.2,12.1,0.2,15.0,0.0,59.5,HIGH
S089,Omar Al-Qaisi,C03,facilitator4@noon.com,10,Remedial,33.0,40,30.8,-0.3999999999999986,1.6,1,1,31.8,13.2,0.1,14.2,0.0,59.2,HIGH
S004,Fatima Al-Qahtani,C01,facilitator1@noon.com,11,Remedial,42.0,45,45.3,-0.6000000000000014,1.8,2,2,29.5,9.9,0.2,14.1,5.0,58.7,HIGH
S184,Fatima Al-Shahrani,C05,facilitator8@noon.com,11,Remedial,55.0,60,49.0,0.7999999999999972,4.5,0,0,26.2,9.1,0.0,12.8,10.0,58.1,HIGH
S066,Sara Al-Anzi,C02,facilitator3@noon.com,11,Remedial,34.0,40,35.7,-0.6000000000000014,2.0,1,1,31.5,12.1,0.2,14.0,0.0,57.8,HIGH
S038,Layla Al-Shammari,C01,facilitator2@noon.com,11,Remedial,35.0,42,38.3,-0.6000000000000014,1.9,1,1,31.2,11.5,0.2,14.0,0.0,57.0,HIGH
S054,Sara Al-Khalifa,C02,facilitator3@noon.com,11,Remedial,36.0,43,38.3,-0.6000000000000014,1.9,1,1,31.0,11.5,0.2,14.0,0.0,56.7,HIGH
S173,Omar Al-Qahtani,C05,facilitator8@noon.com,10,Standard,57.0,61,54.7,0.6000000000000014,5.5,0,0,25.8,7.8,0.0,12.2,10.0,55.8,HIGH
S019,Khalid Al-Anzi,C01,facilitator1@noon.com,10,Remedial,38.0,50,42.9,-1.0,2.7,0,1,30.5,10.5,0.3,13.7,0.0,55.0,HIGH
S044,Maryam Al-Faraj,C02,facilitator3@noon.com,11,Remedial,39.0,47,40.8,-0.3999999999999986,2.7,0,1,30.2,10.9,0.1,13.7,0.0,55.0,HIGH
S196,Fatima Al-Ghamdi,C05,facilitator8@noon.com,11,Remedial,45.0,52,29.0,0.7999999999999972,4.8,0,2,28.8,13.6,0.0,12.6,0.0,54.9,HIGH
S027,Ahmad Al-Salem,C01,facilitator2@noon.com,10,Remedial,40.0,48,41.0,0.0,2.7,0,1,30.0,10.9,0.0,13.7,0.0,54.5,HIGH
S161,Omar Al-Qaisi,C04,facilitator7@noon.com,10,Standard,59.0,63,58.0,0.7999999999999972,6.5,0,0,25.2,7.1,0.0,11.8,10.0,54.1,HIGH
S102,Sara Al-Shammari,C03,facilitator5@noon.com,11,Remedial,41.0,48,42.3,-1.0,3.5,0,1,29.8,10.6,0.3,13.2,0.0,53.9,HIGH
S016,Fatima Al-Khaldi,C01,facilitator1@noon.com,11,Remedial,55.0,65,49.5,1.7999999999999972,14.5,0,0,26.2,9.0,0.0,7.7,10.0,53.0,HIGH
S191,Hassan Al-Khalifa,C05,facilitator8@noon.com,10,Remedial,47.0,54,34.0,1.2000000000000028,6.7,0,2,28.2,12.4,0.0,11.6,0.0,52.3,HIGH
S179,Hassan Al-Balawi,C05,facilitator8@noon.com,10,Remedial,49.0,55,36.5,1.0,8.0,0,2,27.8,11.9,0.0,11.0,0.0,50.6,HIGH
S168,Amal Al-Salem,C05,facilitator8@noon.com,11,Remedial,51.0,57,39.0,0.7999999999999972,10.0,0,2,27.2,11.3,0.0,10.0,0.0,48.6,HIGH
S146,Layla Al-Mutairi,C04,facilitator7@noon.com,11,Remedial,54.0,61,43.9,2.200000000000003,12.0,0,2,26.5,10.2,0.0,9.0,0.0,45.7,HIGH
S086,Layla Al-Khaldi,C03,facilitator4@noon.com,11,Remedial,53.0,60,41.5,1.0,14.2,0,2,26.8,10.8,0.0,7.9,0.0,45.4,HIGH
S075,Ahmad Al-Ghamdi,C02,facilitator3@noon.com,10,Remedial,54.0,61,43.9,2.200000000000003,16.2,0,2,26.5,10.2,0.0,6.9,0.0,43.6,HIGH
S122,Layla Al-Mutairi,C04,facilitator6@noon.com,11,Remedial,56.0,63,46.6,2.0,14.0,0,2,26.0,9.6,0.0,8.0,0.0,43.6,HIGH
S110,Layla Al-Khaldi,C03,facilitator5@noon.com,11,Remedial,58.0,65,50.3,2.6000000000000014,13.0,0,2,25.5,8.8,0.0,8.5,0.0,42.8,HIGH
S185,Omar Al-Qaisi,C05,facilitator8@noon.com,10,Standard,53.0,68,87.7,0.5999999999999943,0.5,3,2,26.8,0.5,0.0,15.0,0.0,42.3,HIGH
S174,Sara Al-Shammari,C05,facilitator8@noon.com,11,Standard,54.0,69,87.7,0.5999999999999943,0.5,3,2,26.5,0.5,0.0,15.0,0.0,42.0,HIGH
S162,Sara Al-Mutlaq,C04,facilitator7@noon.com,11,Standard,55.0,70,87.7,0.5999999999999943,0.5,3,2,26.2,0.5,0.0,15.0,0.0,41.8,HIGH
S063,Ahmad Al-Subai,C02,facilitator3@noon.com,10,Remedial,56.0,63,46.6,2.0,18.3,0,2,26.0,9.6,0.0,5.9,0.0,41.5,HIGH
S152,Maryam Al-Maliki,C04,facilitator7@noon.com,11,Standard,56.0,71,87.7,0.5999999999999943,0.5,3,2,26.0,0.5,0.0,15.0,0.0,41.5,HIGH
S093,Abdullah Al-Rashidi,C03,facilitator4@noon.com,10,Standard,57.0,72,87.7,0.5999999999999943,0.5,3,2,25.8,0.5,0.0,15.0,0.0,41.3,HIGH
S140,Maryam Al-Mansour,C04,facilitator6@noon.com,11,Standard,57.0,72,87.7,0.5999999999999943,0.5,3,2,25.8,0.5,0.0,15.0,0.0,41.3,HIGH
S129,Abdullah Al-Otaibi,C04,facilitator6@noon.com,10,Standard,58.0,73,87.7,0.5999999999999943,0.5,3,2,25.5,0.5,0.0,15.0,0.0,41.0,HIGH
S015,Ahmad Al-Faraj,C01,facilitator1@noon.com,10,Standard,58.0,75,87.6,1.2000000000000028,0.5,3,3,25.5,0.5,0.0,15.0,0.0,41.0,HIGH
S069,Abdullah Al-Mutlaq,C02,facilitator3@noon.com,10,Standard,58.0,73,87.7,0.5999999999999943,0.5,3,2,25.5,0.5,0.0,15.0,0.0,41.0,HIGH
S041,Omar Al-Juhani,C02,facilitator3@noon.com,10,Standard,59.0,75,87.7,0.5999999999999943,0.5,3,2,25.2,0.5,0.0,15.0,0.0,40.8,HIGH
S105,Abdullah Al-Otaibi,C03,facilitator5@noon.com,10,Standard,59.0,74,87.7,0.5999999999999943,0.5,3,2,25.2,0.5,0.0,15.0,0.0,40.8,HIGH
S035,Hassan Al-Qahtani,C01,facilitator2@noon.com,10,Remedial,57.0,65,46.6,2.0,20.3,0,2,25.8,9.6,0.0,4.9,0.0,40.2,HIGH
S009,Abdullah Al-Maliki,C01,facilitator1@noon.com,10,Standard,58.0,70,39.8,-2.3999999999999986,35.0,0,4,25.5,11.2,0.8,0.0,0.0,37.5,HIGH
S051,Ahmad Al-Mansour,C02,facilitator3@noon.com,10,Remedial,52.0,65,87.5,-1.0,14.2,2,3,27.0,0.6,0.3,7.9,0.0,35.8,HIGH
S134,Layla Al-Khaldi,C04,facilitator6@noon.com,11,Standard,60.0,68,52.6,-4.0,9.2,0,5,2.0,8.3,1.3,10.4,5.0,27.0,MEDIUM
S005,Omar Al-Harbi,C01,facilitator1@noon.com,10,Standard,85.0,85,69.8,-34.4,15.6,2,4,0.0,4.5,10.0,7.2,5.0,26.7,HIGH
S008,Maryam Al-Zahrani,C01,facilitator1@noon.com,11,Standard,62.0,80,87.8,-0.4000000000000057,0.6,2,3,4.5,0.5,0.1,14.7,5.0,24.8,LOW
S101,Omar Al-Qahtani,C03,facilitator5@noon.com,10,Standard,84.0,86,69.8,-34.4,14.7,2,3,0.5,4.5,10.0,7.7,0.0,22.6,HIGH
S141,Abdullah Al-Rashidi,C04,facilitator6@noon.com,10,Standard,79.0,81,71.3,-31.4,14.9,1,3,0.5,4.2,10.0,7.5,0.0,22.2,LOW
S039,Ahmad Al-Dossari,C01,facilitator2@noon.com,10,Standard,84.0,86,71.8,-30.4,15.7,1,3,0.5,4.0,10.0,7.2,0.0,21.7,LOW
S023,Hassan Al-Dossari,C01,facilitator2@noon.com,10,Standard,88.0,90,69.8,-34.4,16.8,1,3,0.5,4.5,10.0,6.6,0.0,21.6,HIGH
S006,Sara Al-Dossari,C01,facilitator1@noon.com,11,Standard,88.0,90,72.8,-30.800000000000004,15.7,1,2,0.5,3.8,10.0,7.2,0.0,21.5,LOW
S117,Abdullah Al-Rashidi,C03,facilitator5@noon.com,10,Standard,82.0,84,73.3,-27.4,15.2,0,3,0.5,3.7,9.1,7.4,0.0,20.7,LOW
S067,Khalid Al-Shahrani,C02,facilitator3@noon.com,10,Standard,86.0,88,74.3,-25.4,16.2,0,3,0.5,3.5,8.5,6.9,0.0,19.4,LOW
S028,Fatima Al-Mansour,C01,facilitator2@noon.com,11,Standard,86.0,88,74.8,-24.4,15.9,0,3,0.5,3.4,8.1,7.0,0.0,19.1,LOW
S030,Sara Al-Turki,C01,facilitator2@noon.com,11,Standard,60.0,75,87.8,-0.7999999999999972,0.8,2,2,3.8,0.5,0.3,14.6,0.0,19.1,LOW
S116,Maryam Al-Mansour,C03,facilitator5@noon.com,11,Standard,61.0,76,87.8,-0.7999999999999972,0.8,2,2,3.8,0.5,0.3,14.6,0.0,19.1,LOW
S057,Abdullah Al-Mutairi,C02,facilitator3@noon.com,10,Standard,61.0,75,87.8,-0.7999999999999972,0.8,2,2,3.5,0.5,0.3,14.6,0.0,18.9,LOW
S151,Khalid Al-Zahrani,C04,facilitator7@noon.com,10,Standard,61.0,65,61.3,0.6000000000000014,7.5,0,0,1.0,6.4,0.0,11.2,0.0,18.6,LOW
S163,Khalid Al-Thani,C05,facilitator8@noon.com,10,Standard,77.0,79,74.1,-26.999999999999993,19.0,1,3,0.5,3.5,9.0,5.5,0.0,18.5,LOW
S139,Khalid Al-Thani,C04,facilitator6@noon.com,10,Standard,62.0,66,63.9,0.6000000000000014,7.5,0,0,1.0,5.8,0.0,11.2,0.0,18.1,LOW
S092,Maryam Al-Mansour,C03,facilitator4@noon.com,11,Standard,63.0,67,64.7,0.5999999999999943,7.5,0,0,1.0,5.6,0.0,11.2,0.0,17.9,LOW
S128,Maryam Al-Maliki,C04,facilitator6@noon.com,11,Standard,64.0,68,64.7,0.5999999999999943,8.5,0,0,1.0,5.6,0.0,10.8,0.0,17.4,LOW
S058,Nora Al-Dossari,C02,facilitator3@noon.com,11,Remedial,70.0,75,58.8,9.600000000000001,11.8,0,3,1.2,6.9,0.0,9.1,0.0,17.3,LOW
S081,Abdullah Al-Otaibi,C03,facilitator4@noon.com,10,Standard,60.0,75,87.8,-0.7999999999999972,4.6,1,4,3.8,0.5,0.3,12.7,0.0,17.2,LOW
S080,Maryam Al-Maliki,C03,facilitator4@noon.com,11,Standard,64.0,68,67.4,0.3999999999999915,8.5,0,0,1.0,5.0,0.0,10.8,0.0,16.8,LOW
S115,Khalid Al-Thani,C03,facilitator5@noon.com,10,Standard,65.0,69,67.4,0.3999999999999915,8.5,0,0,1.0,5.0,0.0,10.8,0.0,16.8,LOW
S007,Khalid Al-Shammari,C01,facilitator1@noon.com,10,Remedial,68.0,75,59.2,13.199999999999996,13.7,0,2,1.8,6.8,0.0,8.2,0.0,16.7,LOW
S014,Layla Al-Subai,C01,facilitator1@noon.com,11,Standard,65.0,70,69.5,-1.0,9.8,0,0,1.2,4.6,0.3,10.1,0.0,16.2,LOW
S050,Layla Al-Thani,C02,facilitator3@noon.com,11,Standard,86.0,88,77.3,-19.400000000000006,17.5,0,3,0.5,2.8,6.5,6.2,0.0,16.0,LOW
S104,Maryam Al-Maliki,C03,facilitator5@noon.com,11,Standard,66.0,70,69.8,0.4000000000000057,9.5,0,0,1.0,4.5,0.0,10.2,0.0,15.7,LOW
S068,Maryam Al-Qaisi,C02,facilitator3@noon.com,11,Standard,65.0,69,69.8,0.4000000000000057,9.5,0,0,1.0,4.5,0.0,10.2,0.0,15.7,LOW
S056,Maryam Al-Harbi,C02,facilitator3@noon.com,11,Standard,67.0,71,70.0,0.8000000000000114,9.5,0,0,1.0,4.4,0.0,10.2,0.0,15.7,LOW
S156,Amal Al-Subai,C04,facilitator7@noon.com,11,Remedial,78.0,85,56.8,25.599999999999994,17.3,0,6,1.8,7.4,0.0,6.3,0.0,15.5,LOW
S040,Fatima Al-Maliki,C01,facilitator2@noon.com,11,Standard,66.0,70,69.8,0.4000000000000057,10.5,0,0,1.0,4.5,0.0,9.8,0.0,15.2,LOW
S013,Yousef Al-Balawi,C01,facilitator1@noon.com,10,Standard,84.0,85,79.6,-16.0,16.0,0,3,0.2,2.3,5.3,7.0,0.0,14.9,LOW
S070,Nora Al-Thani,C02,facilitator3@noon.com,11,Remedial,72.0,78,56.3,9.800000000000004,18.6,0,4,1.5,7.5,0.0,5.7,0.0,14.7,LOW
S042,Sara Al-Balawi,C02,facilitator3@noon.com,11,Standard,82.0,84,84.22222222222223,5.900000000000006,14.1,1,3,0.5,1.3,0.0,8.0,5.0,14.7,LOW
S029,Omar Al-Zahrani,C01,facilitator2@noon.com,10,Standard,68.0,72,70.0,0.8000000000000114,11.5,0,0,1.0,4.4,0.0,9.2,0.0,14.7,LOW
S046,Nora Al-Anzi,C02,facilitator3@noon.com,11,Remedial,61.0,68,50.0,0.7999999999999972,22.9,0,2,1.8,8.9,0.0,3.6,0.0,14.2,LOW
S024,Amal Al-Mutlaq,C01,facilitator2@noon.com,11,Standard,62.0,70,50.0,0.7999999999999972,25.0,0,3,2.0,8.9,0.0,2.5,0.0,13.4,LOW
S017,Omar Al-Harbi,C01,facilitator1@noon.com,10,Standard,83.0,85,81.3,-11.400000000000006,16.5,0,3,0.5,1.9,3.8,6.7,0.0,13.0,LOW
S098,Layla Al-Mutairi,C03,facilitator5@noon.com,11,Remedial,92.0,95,57.3,10.600000000000001,20.6,0,4,0.8,7.3,0.0,4.7,0.0,12.7,LOW
S021,Abdullah Al-Ghamdi,C01,facilitator2@noon.com,10,Standard,85.0,87,87.8,-0.7999999999999972,17.5,0,0,0.5,0.5,0.3,6.2,0.0,7.5,LOW
S010,Nora Al-Ghamdi,C01,facilitator1@noon.com,11,Standard,86.0,90,87.6,1.2000000000000028,18.5,0,0,1.0,0.5,0.0,5.8,0.0,7.3,LOW
S197,Omar Al-Qahtani,C05,facilitator8@noon.com,10,Standard,74.0,76,87.6,1.2000000000000028,18.5,0,0,0.5,0.5,0.0,5.8,0.0,6.8,LOW
S192,Amal Al-Salem,C05,facilitator8@noon.com,11,Standard,75.0,77,87.6,1.2000000000000028,18.5,0,0,0.5,0.5,0.0,5.8,0.0,6.8,LOW
S180,Amal Al-Subai,C05,facilitator8@noon.com,11,Standard,77.0,79,87.6,1.2000000000000028,18.5,0,0,0.5,0.5,0.0,5.8,0.0,6.8,LOW
S135,Ahmad Al-Anzi,C04,facilitator6@noon.com,10,Standard,81.0,83,87.6,1.2000000000000028,18.5,0,0,0.5,0.5,0.0,5.8,0.0,6.8,LOW
S111,Ahmad Al-Anzi,C03,facilitator5@noon.com,10,Standard,83.0,85,87.6,1.2000000000000028,18.5,0,0,0.5,0.5,0.0,5.8,0.0,6.8,LOW
S099,Ahmad Al-Dossari,C03,facilitator5@noon.com,10,Standard,83.0,85,87.6,1.2000000000000028,18.5,0,0,0.5,0.5,0.0,5.8,0.0,6.8,LOW
S087,Ahmad Al-Anzi,C03,facilitator4@noon.com,10,Standard,84.0,86,87.6,1.2000000000000028,18.5,0,0,0.5,0.5,0.0,5.8,0.0,6.8,LOW
S169,Yousef Al-Harbi,C05,facilitator8@noon.com,10,Standard,78.0,80,87.6,1.2000000000000028,18.5,0,0,0.5,0.5,0.0,5.8,0.0,6.8,LOW
S147,Ahmad Al-Dossari,C04,facilitator7@noon.com,10,Standard,80.0,82,87.6,1.2000000000000028,18.5,0,0,0.5,0.5,0.0,5.8,0.0,6.8,LOW
S157,Yousef Al-Faraj,C04,facilitator7@noon.com,10,Standard,79.0,81,87.6,1.2000000000000028,18.5,0,0,0.5,0.5,0.0,5.8,0.0,6.8,LOW
S124,Fatima Al-Ghamdi,C04,facilitator6@noon.com,11,Standard,82.0,84,87.6,1.2000000000000028,18.5,0,0,0.5,0.5,0.0,5.8,0.0,6.8,LOW
S076,Fatima Al-Harbi,C03,facilitator4@noon.com,11,Standard,84.0,86,87.6,1.2000000000000028,18.5,0,3,0.5,0.5,0.0,5.8,0.0,6.8,LOW
S025,Yousef Al-Harbi,C01,facilitator2@noon.com,10,Standard,84.0,86,87.6,1.2000000000000028,18.5,0,0,0.5,0.5,0.0,5.8,0.0,6.8,LOW
S064,Fatima Al-Faraj,C02,facilitator3@noon.com,11,Standard,84.0,86,87.6,1.2000000000000028,18.5,0,0,0.5,0.5,0.0,5.8,0.0,6.8,LOW
S036,Amal Al-Khalifa,C01,facilitator2@noon.com,11,Standard,85.0,87,87.6,1.2000000000000028,18.5,0,0,0.5,0.5,0.0,5.8,0.0,6.8,LOW
S031,Khalid Al-Rashidi,C01,facilitator2@noon.com,10,Standard,83.0,85,87.8,0.4000000000000057,18.5,0,0,0.5,0.5,0.0,5.8,0.0,6.7,LOW
S059,Hassan Al-Zahrani,C02,facilitator3@noon.com,10,Standard,83.0,85,87.8,0.4000000000000057,18.5,0,0,0.5,0.5,0.0,5.8,0.0,6.7,LOW
S071,Hassan Al-Mansour,C02,facilitator3@noon.com,10,Standard,82.0,84,87.8,0.4000000000000057,18.5,0,0,0.5,0.5,0.0,5.8,0.0,6.7,LOW
S045,Abdullah Al-Khaldi,C02,facilitator3@noon.com,10,Standard,83.0,85,87.6,1.2000000000000028,18.7,0,0,0.5,0.5,0.0,5.7,0.0,6.7,LOW
S052,Fatima Al-Rashidi,C02,facilitator3@noon.com,11,Standard,84.0,86,87.8,0.4000000000000057,18.5,0,0,0.5,0.5,0.0,5.8,0.0,6.7,LOW
S130,Nora Al-Juhani,C04,facilitator6@noon.com,11,Standard,80.0,82,87.8,0.4000000000000057,18.5,0,0,0.5,0.5,0.0,5.8,0.0,6.7,LOW
S118,Nora Al-Saud,C04,facilitator6@noon.com,11,Standard,81.0,83,87.8,0.4000000000000057,18.5,0,0,0.5,0.5,0.0,5.8,0.0,6.7,LOW
S106,Nora Al-Juhani,C03,facilitator5@noon.com,11,Standard,81.0,83,87.8,0.4000000000000057,18.5,0,0,0.5,0.5,0.0,5.8,0.0,6.7,LOW
S142,Nora Al-Saud,C04,facilitator7@noon.com,11,Standard,79.0,81,87.8,0.4000000000000057,18.5,0,0,0.5,0.5,0.0,5.8,0.0,6.7,LOW
S164,Maryam Al-Mansour,C05,facilitator8@noon.com,11,Standard,77.0,79,87.8,0.4000000000000057,18.5,0,0,0.5,0.5,0.0,5.8,0.0,6.7,LOW
S153,Abdullah Al-Otaibi,C04,facilitator7@noon.com,10,Standard,78.0,80,87.8,0.4000000000000057,18.5,0,0,0.5,0.5,0.0,5.8,0.0,6.7,LOW
S175,Khalid Al-Zahrani,C05,facilitator8@noon.com,10,Standard,76.0,78,87.8,0.4000000000000057,18.5,0,0,0.5,0.5,0.0,5.8,0.0,6.7,LOW
S186,Sara Al-Mutlaq,C05,facilitator8@noon.com,11,Standard,75.0,77,87.8,0.4000000000000057,18.5,0,0,0.5,0.5,0.0,5.8,0.0,6.7,LOW
S082,Nora Al-Juhani,C03,facilitator4@noon.com,11,Standard,83.0,85,87.8,0.4000000000000057,18.5,0,0,0.5,0.5,0.0,5.8,0.0,6.7,LOW
S094,Nora Al-Saud,C03,facilitator4@noon.com,11,Standard,82.0,84,87.8,0.4000000000000057,18.5,0,0,0.5,0.5,0.0,5.8,0.0,6.7,LOW
S001,Nora Al-Salem,C01,facilitator1@noon.com,10,Standard,89.0,90,88.1,0.20000000000000284,18.5,0,0,0.2,0.4,0.0,5.8,0.0,6.4,LOW
S003,Ahmad Al-Mutairi,C01,facilitator1@noon.com,10,Standard,87.0,88,88.0,0.0,18.5,0,0,0.2,0.4,0.0,5.8,0.0,6.4,LOW
S195,Ahmad Al-Dossari,C05,facilitator8@noon.com,10,Standard,75.0,77,87.6,1.2000000000000028,19.7,0,0,0.5,0.5,0.0,5.2,0.0,6.2,LOW
S079,Khalid Al-Zahrani,C03,facilitator4@noon.com,10,Standard,85.0,87,87.6,1.2000000000000028,19.7,0,0,0.5,0.5,0.0,5.2,0.0,6.2,LOW
S103,Khalid Al-Zahrani,C03,facilitator5@noon.com,10,Standard,86.0,88,87.6,1.2000000000000028,19.7,0,0,0.5,0.5,0.0,5.2,0.0,6.2,LOW
S090,Sara Al-Mutlaq,C03,facilitator4@noon.com,11,Standard,86.0,88,87.6,1.2000000000000028,19.7,0,0,0.5,0.5,0.0,5.2,0.0,6.2,LOW
S200,Maryam Al-Maliki,C05,facilitator8@noon.com,11,Standard,74.0,76,87.6,1.2000000000000028,19.7,0,0,0.5,0.5,0.0,5.2,0.0,6.2,LOW
S127,Khalid Al-Zahrani,C04,facilitator6@noon.com,10,Standard,84.0,86,87.6,1.2000000000000028,19.7,0,0,0.5,0.5,0.0,5.2,0.0,6.2,LOW
S114,Sara Al-Mutlaq,C03,facilitator5@noon.com,11,Standard,85.0,87,87.6,1.2000000000000028,19.7,0,0,0.5,0.5,0.0,5.2,0.0,6.2,LOW
S150,Sara Al-Shammari,C04,facilitator7@noon.com,11,Standard,81.0,83,87.6,1.2000000000000028,19.7,0,0,0.5,0.5,0.0,5.2,0.0,6.2,LOW
S183,Ahmad Al-Anzi,C05,facilitator8@noon.com,10,Standard,77.0,79,87.6,1.2000000000000028,19.7,0,0,0.5,0.5,0.0,5.2,0.0,6.2,LOW
S172,Fatima Al-Ghamdi,C05,facilitator8@noon.com,11,Standard,79.0,81,87.6,1.2000000000000028,19.7,0,0,0.5,0.5,0.0,5.2,0.0,6.2,LOW
S047,Hassan Al-Shahrani,C02,facilitator3@noon.com,10,Standard,85.0,87,87.6,1.2000000000000028,19.7,0,0,0.5,0.5,0.0,5.2,0.0,6.2,LOW
S055,Khalid Al-Salem,C02,facilitator3@noon.com,10,Standard,85.0,87,87.6,1.2000000000000028,19.7,0,0,0.5,0.5,0.0,5.2,0.0,6.2,LOW
S002,Layla Al-Rashid,C01,facilitator1@noon.com,11,Accelerated,92.0,95,87.8,1.5999999999999943,20.1,0,0,0.8,0.5,0.0,4.9,0.0,6.2,LOW
S138,Sara Al-Mutlaq,C04,facilitator6@noon.com,11,Standard,82.0,84,87.6,1.2000000000000028,19.7,0,0,0.5,0.5,0.0,5.2,0.0,6.2,LOW
S160,Fatima Al-Shahrani,C04,facilitator7@noon.com,11,Standard,80.0,82,87.6,1.2000000000000028,19.7,0,0,0.5,0.5,0.0,5.2,0.0,6.2,LOW
S043,Khalid Al-Subai,C02,facilitator3@noon.com,10,Standard,86.0,88,87.8,-0.7999999999999972,20.6,0,0,0.5,0.5,0.3,4.7,0.0,6.0,LOW
S020,Maryam Al-Shahrani,C01,facilitator1@noon.com,11,Standard,87.0,88,87.6,1.2000000000000028,19.7,0,0,0.2,0.5,0.0,5.2,0.0,5.9,LOW
S074,Layla Al-Khalifa,C02,facilitator3@noon.com,11,Standard,86.0,88,87.6,1.2000000000000028,20.5,0,0,0.5,0.5,0.0,4.8,0.0,5.8,LOW
S189,Abdullah Al-Rashidi,C05,facilitator8@noon.com,10,Standard,76.0,78,87.6,1.2000000000000028,20.5,0,0,0.5,0.5,0.0,4.8,0.0,5.8,LOW
S178,Nora Al-Juhani,C05,facilitator8@noon.com,11,Standard,78.0,80,87.6,1.2000000000000028,20.5,0,0,0.5,0.5,0.0,4.8,0.0,5.8,LOW
S109,Yousef Al-Faraj,C03,facilitator5@noon.com,10,Standard,84.0,86,87.6,1.2000000000000028,20.5,0,0,0.5,0.5,0.0,4.8,0.0,5.8,LOW
S085,Yousef Al-Faraj,C03,facilitator4@noon.com,10,Standard,87.0,89,87.6,1.2000000000000028,20.5,0,0,0.5,0.5,0.0,4.8,0.0,5.8,LOW
S034,Nora Al-Harbi,C01,facilitator2@noon.com,11,Standard,87.0,89,87.6,1.2000000000000028,20.5,0,0,0.5,0.5,0.0,4.8,0.0,5.8,LOW
S062,Layla Al-Balawi,C02,facilitator3@noon.com,11,Standard,87.0,89,87.6,1.2000000000000028,20.5,0,0,0.5,0.5,0.0,4.8,0.0,5.8,LOW
S167,Hassan Al-Khalifa,C05,facilitator8@noon.com,10,Standard,79.0,81,87.6,1.2000000000000028,20.5,0,0,0.5,0.5,0.0,4.8,0.0,5.8,LOW
S097,Yousef Al-Harbi,C03,facilitator4@noon.com,10,Standard,85.0,87,87.6,1.2000000000000028,20.5,0,0,0.5,0.5,0.0,4.8,0.0,5.8,LOW
S121,Yousef Al-Harbi,C04,facilitator6@noon.com,10,Standard,84.0,86,87.6,1.2000000000000028,20.5,0,0,0.5,0.5,0.0,4.8,0.0,5.8,LOW
S133,Yousef Al-Faraj,C04,facilitator6@noon.com,10,Standard,83.0,85,87.6,1.2000000000000028,20.5,0,0,0.5,0.5,0.0,4.8,0.0,5.8,LOW
S011,Hassan Al-Otaibi,C01,facilitator1@noon.com,10,Accelerated,91.0,95,88.5,1.0,22.1,0,0,1.0,0.3,0.0,3.9,0.0,5.3,LOW
S037,Yousef Al-Ghamdi,C01,facilitator2@noon.com,10,Standard,88.0,90,88.5,1.0,21.6,0,0,0.5,0.3,0.0,4.2,0.0,5.0,LOW
S088,Fatima Al-Shahrani,C03,facilitator4@noon.com,11,Standard,88.0,90,88.5,1.0,21.6,0,0,0.5,0.3,0.0,4.2,0.0,5.0,LOW
S065,Omar Al-Khaldi,C02,facilitator3@noon.com,10,Standard,88.0,90,88.5,1.0,21.6,0,0,0.5,0.3,0.0,4.2,0.0,5.0,LOW
S048,Amal Al-Qaisi,C02,facilitator3@noon.com,11,Accelerated,89.0,91,88.5,1.0,22.6,0,0,0.5,0.3,0.0,3.7,0.0,4.5,LOW
S026,Layla Al-Thani,C01,facilitator2@noon.com,11,Accelerated,89.0,91,88.5,1.0,22.6,0,0,0.5,0.3,0.0,3.7,0.0,4.5,LOW
S060,Amal Al-Otaibi,C02,facilitator3@noon.com,11,Accelerated,90.0,92,88.5,1.0,22.6,0,0,0.5,0.3,0.0,3.7,0.0,4.5,LOW
S158,Layla Al-Khaldi,C04,facilitator7@noon.com,11,Standard,84.0,86,88.5,1.0,22.6,0,0,0.5,0.3,0.0,3.7,0.0,4.5,LOW
S198,Sara Al-Shammari,C05,facilitator8@noon.com,11,Standard,79.0,81,88.5,1.0,22.6,0,0,0.5,0.3,0.0,3.7,0.0,4.5,LOW
S193,Yousef Al-Harbi,C05,facilitator8@noon.com,10,Standard,80.0,82,88.5,1.0,22.6,0,0,0.5,0.3,0.0,3.7,0.0,4.5,LOW
S181,Yousef Al-Faraj,C05,facilitator8@noon.com,10,Standard,82.0,84,88.5,1.0,22.6,0,0,0.5,0.3,0.0,3.7,0.0,4.5,LOW
S077,Omar Al-Qahtani,C03,facilitator4@noon.com,10,Accelerated,89.0,91,88.5,1.0,22.6,0,0,0.5,0.3,0.0,3.7,0.0,4.5,LOW
S100,Fatima Al-Ghamdi,C03,facilitator5@noon.com,11,Standard,88.0,90,88.5,1.0,22.6,0,0,0.5,0.3,0.0,3.7,0.0,4.5,LOW
S112,Fatima Al-Shahrani,C03,facilitator5@noon.com,11,Standard,87.0,89,88.5,1.0,22.6,0,0,0.5,0.3,0.0,3.7,0.0,4.5,LOW
S125,Omar Al-Qahtani,C04,facilitator6@noon.com,10,Standard,87.0,89,88.5,1.0,22.6,0,0,0.5,0.3,0.0,3.7,0.0,4.5,LOW
S136,Fatima Al-Shahrani,C04,facilitator6@noon.com,11,Standard,86.0,88,88.5,1.0,22.6,0,0,0.5,0.3,0.0,3.7,0.0,4.5,LOW
S170,Layla Al-Mutairi,C05,facilitator8@noon.com,11,Standard,83.0,85,88.5,1.0,22.6,0,0,0.5,0.3,0.0,3.7,0.0,4.5,LOW
S148,Fatima Al-Ghamdi,C04,facilitator7@noon.com,11,Standard,85.0,87,88.5,1.0,22.6,0,0,0.5,0.3,0.0,3.7,0.0,4.5,LOW
S018,Sara Al-Hamed,C01,facilitator1@noon.com,11,Accelerated,90.0,92,88.5,1.0,23.4,0,0,0.5,0.3,0.0,3.3,0.0,4.1,LOW
S053,Omar Al-Saud,C02,facilitator3@noon.com,10,Accelerated,91.0,93,88.5,1.0,23.6,0,0,0.5,0.3,0.0,3.2,0.0,4.0,LOW
S131,Hassan Al-Balawi,C04,facilitator6@noon.com,10,Standard,88.0,90,88.5,1.0,23.6,0,0,0.5,0.3,0.0,3.2,0.0,4.0,LOW
S072,Amal Al-Rashidi,C02,facilitator3@noon.com,11,Accelerated,91.0,93,88.5,1.0,23.6,0,0,0.5,0.3,0.0,3.2,0.0,4.0,LOW
S083,Hassan Al-Balawi,C03,facilitator4@noon.com,10,Accelerated,90.0,92,88.5,1.0,23.6,0,0,0.5,0.3,0.0,3.2,0.0,4.0,LOW
S095,Hassan Al-Khalifa,C03,facilitator4@noon.com,10,Accelerated,89.0,91,88.5,1.0,23.6,0,0,0.5,0.3,0.0,3.2,0.0,4.0,LOW
S165,Abdullah Al-Rashidi,C05,facilitator8@noon.com,10,Standard,83.0,85,88.5,1.0,23.6,0,0,0.5,0.3,0.0,3.2,0.0,4.0,LOW
S119,Hassan Al-Khalifa,C04,facilitator6@noon.com,10,Accelerated,89.0,91,88.5,1.0,23.6,0,0,0.5,0.3,0.0,3.2,0.0,4.0,LOW
S107,Hassan Al-Balawi,C03,facilitator5@noon.com,10,Accelerated,90.0,92,88.5,1.0,23.6,0,0,0.5,0.3,0.0,3.2,0.0,4.0,LOW
S143,Hassan Al-Khalifa,C04,facilitator7@noon.com,10,Standard,87.0,89,88.5,1.0,23.6,0,0,0.5,0.3,0.0,3.2,0.0,4.0,LOW
S176,Maryam Al-Maliki,C05,facilitator8@noon.com,11,Standard,82.0,84,88.5,1.0,23.6,0,0,0.5,0.3,0.0,3.2,0.0,4.0,LOW
S154,Nora Al-Juhani,C04,facilitator7@noon.com,11,Standard,86.0,88,88.5,1.0,23.6,0,0,0.5,0.3,0.0,3.2,0.0,4.0,LOW
S187,Khalid Al-Thani,C05,facilitator8@noon.com,10,Standard,81.0,83,88.5,1.0,23.6,0,0,0.5,0.3,0.0,3.2,0.0,4.0,LOW
S032,Maryam Al-Otaibi,C01,facilitator2@noon.com,11,Accelerated,92.0,93,88.5,1.0,23.6,0,0,0.2,0.3,0.0,3.2,0.0,3.8,LOW
